time,open,high,low,close,volume,amount,settelementPrice,openInterest,preClose,suspendFlag
1655256600000,6281.8,6281.8,6281.8,6281.8,260,326653600.0,0.0,98446,6281.2,0
1655256660000,6288.200000000001,6308.8,6281.6,6304.400000000001,2024,2548147000.0,0.0,96947,6281.8,0
1655256720000,6303.8,6322.2,6303.8,6316.0,1389,1754554000.0,0.0,96043,6304.400000000001,0
1655256780000,6317.000000000001,6320.6,6314.200000000001,6318.200000000001,797,1007023800.0,0.0,95370,6316.000000000001,0
1655256840000,6318.200000000001,6332.200000000001,6318.200000000001,6329.400000000001,1110,1404108280.0,0.0,94530,6318.200000000001,0
1655256900000,6329.000000000001,6334.400000000001,6324.400000000001,6324.6,760,961939600.0,0.0,94012,6329.400000000001,0
1655256960000,6324.400000000001,6324.400000000001,6315.200000000001,6316.000000000001,804,1016186800.0000001,0.0,93413,6324.6,0
1655257020000,6315.000000000001,6318.400000000001,6307.200000000001,6307.400000000001,733,925112440.0,0.0,92859,6316.000000000001,0
1655257080000,6307.400000000001,6317.400000000001,6307.200000000001,6316.000000000001,517,652835720.0000001,0.0,92504,6307.400000000001,0
1655257140000,6315.400000000001,6321.6,6313.6,6320.400000000001,681,860484280.0000001,0.0,92057,6316.0,0
1655257200000,6320.400000000001,6320.800000000001,6308.200000000001,6308.200000000001,593,748825800.0,0.0,91621,6320.400000000001,0
1655257260000,6308.2,6315.6,6306.0,6315.6,717,904876560.0000001,0.0,91073,6308.2,0
1655257320000,6314.8,6318.0,6313.0,6315.4,502,634058720.0000001,0.0,90704,6315.6,0
1655257380000,6315.6,6343.0,6315.0,6339.0,1170,1481169080.0,0.0,89967,6315.4,0
1655257440000,6339.000000000001,6340.200000000001,6326.400000000001,6332.400000000001,868,1099749480.0,0.0,89425,6339.000000000001,0
1655257500000,6332.400000000001,6333.400000000001,6324.8,6329.2,561,710081000.0,0.0,89131,6332.400000000001,0
1655257560000,6329.2,6330.0,6309.0,6309.0,665,840584800.0,0.0,88787,6329.2,0
1655257620000,6310.0,6310.0,6286.8,6293.6,1256,1581481360.0,0.0,88075,6309.0,0
1655257680000,6294.0,6303.6,6294.0,6300.0,632,796181440.0,0.0,87705,6293.6,0
1655257740000,6299.6,6307.000000000001,6294.200000000001,6299.6,685,863071560.0,0.0,87302,6300.000000000001,0
1655257800000,6300.0,6305.0,6290.6,6290.6,722,909383800.0000001,0.0,86875,6299.6,0
1655257860000,6290.0,6293.4,6281.0,6281.8,847,1065145200.0000001,0.0,86358,6290.6,0
1655257920000,6281.6,6289.4,6280.0,6287.4,551,692463760.0,0.0,85996,6281.8,0
1655257980000,6287.4,6287.4,6271.0,6273.2,642,805877600.0,0.0,85603,6287.4,0
1655258040000,6274.000000000001,6274.000000000001,6262.400000000001,6263.000000000001,704,882540640.0,0.0,85189,6273.200000000001,0
1655258100000,6264.4,6272.2,6263.0,6266.6,641,803427720.0000001,0.0,84828,6263.0,0
1655258160000,6266.400000000001,6271.400000000001,6261.200000000001,6266.800000000001,646,809634960.0000001,0.0,84431,6266.6,0
1655258220000,6265.6,6273.6,6265.0,6272.4,569,713462040.0000001,0.0,84111,6266.8,0
1655258280000,6273.2,6283.6,6273.0,6282.2,840,1054955280.0,0.0,83600,6272.4,0
1655258340000,6283.0,6292.0,6279.8,6288.8,560,704163800.0,0.0,83269,6282.2,0
1655258400000,6288.400000000001,6289.400000000001,6276.200000000001,6279.000000000001,449,564202040.0000001,0.0,83013,6288.800000000001,0
1655258460000,6279.0,6280.6,6267.6,6280.6,611,766524080.0,0.0,82663,6279.0,0
1655258520000,6282.000000000001,6294.6,6278.200000000001,6292.400000000001,523,657631400.0,0.0,82408,6280.6,0
1655258580000,6293.000000000001,6293.800000000001,6270.200000000001,6275.800000000001,761,956360360.0000001,0.0,82026,6292.400000000001,0
1655258640000,6276.400000000001,6298.000000000001,6276.400000000001,6298.000000000001,511,642828040.0,0.0,81797,6275.8,0
1655258700000,6298.0,6299.0,6277.6,6280.8,720,905144960.0,0.0,81518,6298.0,0
1655258760000,6281.400000000001,6286.200000000001,6278.6,6280.0,357,448524000.0,0.0,81391,6280.8,0
1655258820000,6280.2,6286.6,6270.8,6277.6,466,584935960.0,0.0,81215,6280.0,0
1655258880000,6277.8,6278.8,6268.0,6271.6,318,399056640.0,0.0,81090,6277.6,0
1655258940000,6270.4,6277.8,6270.0,6277.0,401,503244680.0,0.0,80863,6271.6,0
1655259000000,6276.400000000001,6285.000000000001,6275.200000000001,6280.400000000001,348,437157600.00000006,0.0,80757,6277.000000000001,0
1655259060000,6281.400000000001,6281.400000000001,6273.400000000001,6280.200000000001,297,372835120.00000006,0.0,80627,6280.400000000001,0
1655259120000,6280.2,6280.2,6268.0,6275.0,355,445380120.0,0.0,80504,6280.2,0
1655259180000,6274.8,6282.400000000001,6273.8,6277.0,241,302580000.0,0.0,80409,6275.0,0
1655259240000,6277.000000000001,6283.800000000001,6275.200000000001,6281.800000000001,311,390591760.0,0.0,80256,6277.000000000001,0
1655259300000,6282.0,6285.200000000001,6277.6,6282.6,260,326668800.0,0.0,80140,6281.8,0
1655259360000,6282.200000000001,6282.200000000001,6273.6,6279.400000000001,318,399218760.0,0.0,80027,6282.6,0
1655259420000,6279.4,6284.4,6276.0,6277.8,318,399413240.0,0.0,79903,6279.4,0
1655259480000,6277.8,6277.8,6265.0,6267.6,563,705898160.0000001,0.0,79689,6277.8,0
1655259540000,6267.4,6282.8,6266.0,6282.6,463,581182720.0,0.0,79518,6267.6,0
1655259600000,6282.6,6282.6,6274.6,6278.0,306,384286240.00000006,0.0,79398,6282.6,0
1655259660000,6279.4,6282.4,6276.0,6280.6,295,370493960.0,0.0,79253,6278.0,0
1655259720000,6280.6,6291.0,6280.6,6291.0,387,486482200.00000006,0.0,79141,6280.6,0
1655259780000,6289.6,6291.800000000001,6285.200000000001,6287.6,287,360953080.00000006,0.0,79037,6291.000000000001,0
1655259840000,6287.6,6297.6,6287.6,6295.400000000001,369,464490719.99999994,0.0,78926,6287.6,0
1655259900000,6295.400000000001,6303.000000000001,6295.400000000001,6298.000000000001,482,607264840.0,0.0,78736,6295.400000000001,0
1655259960000,6298.000000000001,6300.800000000001,6292.200000000001,6294.200000000001,495,623403320.0,0.0,78559,6298.000000000001,0
1655260020000,6296.0,6303.8,6293.0,6293.2,460,579514680.0,0.0,78384,6294.2,0
1655260080000,6292.6,6296.800000000001,6283.200000000001,6286.800000000001,520,654150480.0,0.0,78219,6293.200000000001,0
1655260140000,6286.800000000001,6294.000000000001,6284.200000000001,6285.200000000001,430,540828640.0,0.0,78095,6286.800000000001,0
1655260200000,6287.6,6292.2,6281.0,6281.6,380,477668400.0,0.0,77959,6285.2,0
1655260260000,6280.400000000001,6289.000000000001,6280.200000000001,6285.400000000001,343,431149800.00000006,0.0,77892,6281.6,0
1655260320000,6285.400000000001,6293.800000000001,6278.200000000001,6279.000000000001,433,544295560.0000001,0.0,77774,6285.400000000001,0
1655260380000,6278.2,6284.0,6277.0,6280.0,308,386844560.00000006,0.0,77652,6279.0,0
1655260440000,6279.6,6283.6,6277.200000000001,6283.200000000001,324,406987479.0,0.0,77485,6280.000000000001,0
1655260500000,6282.8,6289.6,6282.0,6289.6,269,338135360.00000006,0.0,77380,6283.2,0
1655260560000,6290.200000000001,6295.000000000001,6288.400000000001,6291.6,339,426611480.0,0.0,77250,6289.6,0
1655260620000,6292.000000000001,6293.400000000001,6283.400000000001,6288.200000000001,349,438851320.0,0.0,77077,6291.6,0
1655260680000,6287.2,6293.2,6287.0,6292.2,240,301952240.0,0.0,76986,6288.2,0
1655260740000,6292.200000000001,6292.200000000001,6283.200000000001,6288.400000000001,298,374701920.0,0.0,76889,6292.200000000001,0
1655260800000,6289.0,6295.200000000001,6287.6,6295.200000000001,278,349771760.00000006,0.0,76814,6288.400000000001,0
1655260860000,6296.000000000001,6303.800000000001,6289.200000000001,6295.6,317,399088639.00000006,0.0,76736,6295.200000000001,0
1655260920000,6295.8,6302.2,6292.8,6302.0,228,287130000.0,0.0,76653,6295.6,0
1655260980000,6302.000000000001,6302.000000000001,6294.400000000001,6299.200000000001,208,262027880.00000003,0.0,76571,6302.000000000001,0
1655261040000,6299.2,6300.6,6292.8,6293.0,173,217813920.0,0.0,76505,6299.2,0
1655261100000,6294.0,6294.0,6284.6,6292.200000000001,256,321963680.0,0.0,76414,6293.0,0
1655261160000,6292.2,6297.0,6291.8,6295.400000000001,185,232886920.0,0.0,76339,6292.2,0
1655261220000,6295.400000000001,6300.0,6291.8,6292.0,159,200249320.0,0.0,76253,6295.400000000001,0
1655261280000,6292.000000000001,6292.400000000001,6288.400000000001,6289.6,262,329622320.0,0.0,76160,6292.000000000001,0
1655261340000,6289.6,6291.2,6283.8,6288.0,294,369681760.0,0.0,76057,6289.6,0
1655261400000,6287.6,6289.0,6283.6,6287.6,256,321863000.00000006,0.0,75954,6288.0,0
1655261460000,6286.2,6286.8,6280.0,6280.2,345,433526280.0,0.0,75840,6287.6,0
1655261520000,6280.2,6287.6,6280.0,6283.0,233,292829240.00000006,0.0,75777,6280.2,0
1655261580000,6283.6,6287.200000000001,6283.400000000001,6284.200000000001,198,248888280.0,0.0,75691,6283.000000000001,0
1655261640000,6285.0,6293.6,6284.0,6293.6,312,392427400.00000006,0.0,75632,6284.2,0
1655261700000,6293.0,6298.2,6290.0,6291.2,267,336104440.00000006,0.0,75541,6293.6,0
1655261760000,6291.4,6295.6,6287.0,6295.4,317,398866760.0,0.0,75453,6291.2,0
1655261820000,6295.400000000001,6313.400000000001,6293.6,6313.0,733,924572880.0,0.0,75269,6295.400000000001,0
1655261880000,6313.200000000001,6314.8,6306.400000000001,6312.8,523,660127400.0000001,0.0,75081,6313.000000000001,0
1655261940000,6312.8,6312.8,6301.8,6302.400000000001,257,324178520.00000006,0.0,74996,6312.8,0
1655262000000,6302.200000000001,6303.200000000001,6285.200000000001,6286.000000000001,494,621525040.0,0.0,74909,6302.400000000001,0
1655262060000,6285.6,6285.6,6278.0,6283.0,676,849324360.0000001,0.0,74701,6286.0,0
1655262120000,6283.0,6283.0,6273.0,6277.6,369,463265680.0,0.0,74580,6283.0,0
1655262180000,6278.0,6284.6,6278.0,6282.2,236,296512360.00000006,0.0,74528,6277.6,0
1655262240000,6282.200000000001,6290.400000000001,6280.400000000001,6289.8,353,443818520.0,0.0,74481,6282.200000000001,0
1655262300000,6290.0,6292.2,6285.0,6291.0,251,315670120.0,0.0,74398,6289.8,0
1655262360000,6291.000000000001,6293.400000000001,6289.200000000001,6293.000000000001,232,291913840.0,0.0,74356,6291.000000000001,0
1655262420000,6293.000000000001,6309.000000000001,6291.200000000001,6303.400000000001,465,586073240.0,0.0,74188,6293.000000000001,0
1655262480000,6303.8,6309.2,6300.8,6307.0,229,288760240.00000006,0.0,74112,6303.400000000001,0
1655262540000,6307.000000000001,6314.000000000001,6305.200000000001,6314.000000000001,286,360949200.00000006,0.0,74010,6307.000000000001,0
1655262600000,6313.2,6319.0,6311.0,6316.0,394,497689000.00000006,0.0,73886,6314.0,0
1655262660000,6317.0,6325.0,6316.6,6323.8,608,768612320.0,0.0,73646,6316.0,0
1655262720000,6324.400000000001,6325.200000000001,6318.200000000001,6320.800000000001,294,371705800.0,0.0,73591,6323.800000000001,0
1655262780000,6320.8,6328.8,6320.8,6325.0,399,504758680.00000006,0.0,73512,6320.8,0
1655262840000,6325.0,6327.8,6323.8,6326.0,234,296040960.0,0.0,73440,6325.0,0
1655262900000,6326.400000000001,6328.6,6323.8,6328.2,286,361888640.0,0.0,73369,6326.0,0
1655262960000,6328.200000000001,6338.200000000001,6327.400000000001,6331.8,605,766260960.0,0.0,73160,6328.200000000001,0
1655263020000,6332.200000000001,6332.200000000001,6320.6,6322.200000000001,337,426249000.0,0.0,73073,6331.8,0
1655263080000,6322.8,6327.0,6322.0,6324.6,302,381981360.00000006,0.0,72990,6322.2,0
1655263140000,6324.6,6326.6,6315.6,6322.8,248,313487440.0,0.0,72960,6324.6,0
1655263200000,6323.0,6328.8,6320.8,6327.0,276,349156320.00000006,0.0,72856,6322.8,0
1655263260000,6326.6,6327.8,6322.400000000001,6323.6,189,239088400.00000003,0.0,72798,6327.000000000001,0
1655263320000,6325.000000000001,6328.6,6320.200000000001,6323.400000000001,255,322470520.0,0.0,72725,6323.6,0
1655263380000,6323.400000000001,6325.400000000001,6318.6,6323.6,187,236439639.99999997,0.0,72658,6323.400000000001,0
1655263440000,6323.0,6327.6,6323.0,6327.6,276,349186520.0,0.0,72553,6323.6,0
1655263500000,6328.200000000001,6336.800000000001,6328.200000000001,6336.800000000001,404,511686200.00000006,0.0,72382,6327.6,0
1655263560000,6337.200000000001,6341.000000000001,6336.400000000001,6337.6,359,455123600.0,0.0,72255,6336.8,0
1655263620000,6337.0,6342.0,6337.0,6337.2,309,391752880.00000006,0.0,72190,6337.6,0
1655263680000,6337.200000000001,6348.400000000001,6337.200000000001,6347.800000000001,454,576107720.0,0.0,72051,6337.200000000001,0
1655263740000,6346.6,6349.0,6343.6,6347.0,274,347767720.0,0.0,72001,6347.8,0
1655263800000,6347.0,6347.2,6338.8,6341.6,330,418646720.0,0.0,71963,6347.0,0
1655269260000,6346.400000000001,6365.0,6341.8,6360.2,1145,1455317760.0,0.0,71643,6341.6,0
1655269320000,6360.200000000001,6362.000000000001,6355.200000000001,6359.000000000001,423,538027960.0000001,0.0,71620,6360.200000000001,0
1655269380000,6358.800000000001,6370.000000000001,6356.200000000001,6362.800000000001,842,1071405880.0,0.0,71405,6359.000000000001,0
1655269440000,6362.8,6375.8,6362.8,6372.6,514,654932440.0000001,0.0,71214,6362.8,0
1655269500000,6372.6,6373.8,6368.0,6368.0,269,342751680.00000006,0.0,71152,6372.6,0
1655269560000,6367.8,6368.2,6357.8,6360.400000000001,345,438885040.0,0.0,71097,6368.0,0
1655269620000,6360.0,6370.8,6360.0,6366.0,378,481299720.00000006,0.0,71031,6360.4,0
1655269680000,6366.400000000001,6371.200000000001,6363.200000000001,6369.6,265,337520160.0,0.0,70986,6366.000000000001,0
1655269740000,6371.000000000001,6381.800000000001,6370.200000000001,6381.000000000001,409,521697600.00000006,0.0,70884,6369.6,0
1655269800000,6381.8,6390.0,6376.0,6376.0,897,1144790560.0,0.0,70663,6381.0,0
1655269860000,6375.800000000001,6380.000000000001,6370.200000000001,6373.800000000001,555,707739720.0,0.0,70484,6376.000000000001,0
1655269920000,6373.8,6380.0,6373.8,6380.0,336,428640120.0,0.0,70379,6373.8,0
1655269980000,6379.200000000001,6380.000000000001,6373.200000000001,6378.200000000001,300,382592920.0,0.0,70298,6380.000000000001,0
1655270040000,6378.400000000001,6379.0,6372.6,6372.6,238,303512240.0,0.0,70224,6378.200000000001,0
1655270100000,6373.6,6373.6,6370.200000000001,6371.200000000001,199,253580800.00000003,0.0,70218,6372.6,0
1655270160000,6371.200000000001,6384.6,6371.200000000001,6384.6,534,681213840.0,0.0,70075,6371.200000000001,0
1655270220000,6385.000000000001,6403.000000000001,6384.400000000001,6399.400000000001,974,1245736960.0,0.0,69755,6384.6,0
1655270280000,6399.200000000001,6403.400000000001,6397.200000000001,6402.000000000001,482,617018240.0,0.0,69674,6399.400000000001,0
1655270340000,6400.8,6409.6,6398.0,6408.8,475,608361560.0,0.0,69558,6402.0,0
1655270400000,6408.2,6413.8,6406.8,6410.6,607,778149360.0000001,0.0,69422,6408.8,0
1655270460000,6410.6,6410.800000000001,6397.200000000001,6400.000000000001,451,577550640.0,0.0,69378,6410.6,0
1655270520000,6400.200000000001,6408.0,6398.6,6406.0,572,732602040.0,0.0,69366,6400.0,0
1655270580000,6404.400000000001,6404.400000000001,6394.400000000001,6396.8,384,491383240.00000006,0.0,69285,6406.000000000001,0
1655270640000,6396.8,6397.0,6393.6,6394.0,215,274984560.0,0.0,69282,6396.8,0
1655270700000,6393.6,6393.8,6378.0,6378.4,439,560720160.0,0.0,69257,6394.0,0
1655270760000,6378.4,6379.0,6370.0,6373.4,450,573757560.0,0.0,69194,6378.4,0
1655270820000,6372.200000000001,6377.0,6371.6,6374.200000000001,224,285587680.0,0.0,69145,6373.400000000001,0
1655270880000,6374.2,6378.6,6371.0,6377.0,281,358330000.0,0.0,69127,6374.2,0
1655270940000,6376.8,6378.4,6372.0,6374.0,212,270258480.00000006,0.0,69090,6377.0,0
1655271000000,6373.8,6377.6,6371.400000000001,6375.200000000001,181,230762360.00000003,0.0,69078,6374.000000000001,0
1655271060000,6375.200000000001,6384.200000000001,6373.200000000001,6384.000000000001,347,442775760.0,0.0,69092,6375.200000000001,0
1655271120000,6383.8,6385.0,6378.0,6381.6,244,311457720.0,0.0,69081,6384.0,0
1655271180000,6381.6,6384.6,6380.8,6383.0,151,192754480.0,0.0,69061,6381.6,0
1655271240000,6383.6,6385.6,6377.400000000001,6379.200000000001,202,257839720.00000003,0.0,69040,6383.000000000001,0
1655271300000,6379.6,6381.0,6365.6,6367.0,306,389969440.0,0.0,69013,6379.200000000001,0
1655271360000,6366.6,6370.2,6366.0,6370.2,246,313319800.0,0.0,68959,6367.0,0
1655271420000,6370.2,6374.6,6368.0,6373.0,300,382282800.0,0.0,68970,6370.2,0
1655271480000,6373.0,6376.0,6365.8,6366.0,283,360636000.0,0.0,68962,6373.0,0
1655271540000,6365.800000000001,6368.6,6361.200000000001,6362.200000000001,314,399697760.00000006,0.0,68959,6366.000000000001,0
1655271600000,6362.200000000001,6364.200000000001,6353.6,6358.0,501,637011720.0,0.0,68964,6362.200000000001,0
1655271660000,6357.800000000001,6359.200000000001,6355.200000000001,6355.800000000001,251,319097120.00000006,0.0,68933,6358.000000000001,0
1655271720000,6355.8,6366.2,6355.0,6364.4,276,351101400.0,0.0,68948,6355.8,0
1655271780000,6365.400000000001,6374.400000000001,6364.8,6373.6,307,391201760.0,0.0,68932,6364.400000000001,0
1655271840000,6372.6,6380.6,6372.400000000001,6375.6,338,431087440.00000006,0.0,68936,6373.6,0
1655271900000,6375.0,6384.8,6375.0,6381.4,266,339492000.0,0.0,68923,6375.6,0
1655271960000,6381.400000000001,6382.6,6375.8,6379.400000000001,200,255195760.0,0.0,68925,6381.400000000001,0
1655272020000,6379.4,6380.6,6372.0,6380.0,184,234645559.00000003,0.0,68936,6379.4,0
1655272080000,6380.0,6381.0,6374.0,6380.6,160,204083280.0,0.0,68924,6380.0,0
1655272140000,6381.0,6381.2,6372.8,6373.8,110,140283560.0,0.0,68899,6380.6,0
1655272200000,6374.200000000001,6376.200000000001,6370.6,6374.8,130,165703280.0,0.0,68895,6373.8,0
1655272260000,6374.6,6375.6,6367.8,6368.6,154,196228760.00000003,0.0,68853,6374.8,0
1655272320000,6368.2,6369.8,6358.0,6358.6,269,342361320.00000006,0.0,68892,6368.6,0
1655272380000,6359.200000000001,6371.200000000001,6353.200000000001,6369.000000000001,261,332089440.00000006,0.0,68927,6358.6,0
1655272440000,6368.000000000001,6370.400000000001,6365.200000000001,6365.200000000001,158,201218680.0,0.0,68946,6369.000000000001,0
1655272500000,6365.2,6366.6,6358.0,6362.0,210,267205760.0,0.0,68960,6365.2,0
1655272560000,6361.8,6364.0,6355.0,6364.0,208,264549920.0,0.0,68941,6362.0,0
1655272620000,6364.2,6373.0,6362.0,6367.2,250,318468080.0,0.0,68959,6364.0,0
1655272680000,6368.0,6378.8,6367.0,6378.4,215,274020800.0,0.0,68979,6367.2,0
1655272740000,6378.4,6379.6,6373.0,6374.4,223,284391160.0,0.0,69015,6378.4,0
1655272800000,6373.4,6378.4,6372.0,6374.4,228,290711520.0,0.0,69032,6374.4,0
1655272860000,6372.8,6377.0,6363.8,6367.8,260,331200320.0,0.0,69020,6374.400000000001,0
1655272920000,6367.8,6368.8,6361.8,6365.6,195,248220880.0,0.0,69011,6367.8,0
1655272980000,6365.6,6366.000000000001,6358.200000000001,6359.200000000001,277,352424960.00000006,0.0,69015,6365.6,0
1655273040000,6359.0,6359.0,6353.0,6356.2,374,475452799.99999994,0.0,69011,6359.2,0
1655273100000,6356.2,6362.2,6355.8,6361.8,177,225138280.0,0.0,68980,6356.2,0
1655273160000,6363.0,6365.6,6357.8,6358.8,239,304133600.00000006,0.0,68980,6361.8,0
1655273220000,6359.4,6361.8,6353.0,6355.0,178,226367680.0,0.0,68953,6358.8,0
1655273280000,6355.0,6355.4,6348.0,6349.2,350,444655640.0,0.0,68937,6355.0,0
1655273340000,6348.6,6348.6,6329.400000000001,6329.6,938,1188838800.0,0.0,68930,6349.200000000001,0
1655273400000,6328.8,6333.0,6327.6,6329.400000000001,366,463372080.0,0.0,68952,6329.6,0
1655273460000,6329.2,6334.0,6323.0,6323.0,408,516374560.00000006,0.0,69000,6329.4,0
1655273520000,6323.2,6338.8,6322.0,6335.2,437,553317480.0,0.0,69074,6323.0,0
1655273580000,6335.200000000001,6348.8,6334.400000000001,6346.200000000001,330,418543600.0,0.0,69088,6335.200000000001,0
1655273640000,6346.6,6346.8,6337.8,6342.400000000001,294,372859920.0,0.0,69083,6346.2,0
1655273700000,6342.4,6345.4,6336.0,6336.8,235,297997400.0,0.0,69074,6342.4,0
1655273760000,6336.0,6342.400000000001,6333.6,6333.6,265,335948480.0,0.0,69039,6336.8,0
1655273820000,6333.6,6338.8,6327.6,6336.8,242,306501520.00000006,0.0,69044,6333.6,0
1655273880000,6336.6,6348.0,6335.8,6347.8,272,344941960.00000006,0.0,69076,6336.8,0
1655273940000,6348.0,6348.8,6340.0,6340.0,189,239838240.00000003,0.0,69064,6347.8,0
1655274000000,6340.000000000001,6341.400000000001,6335.200000000001,6340.000000000001,142,180039120.0,0.0,69072,6340.000000000001,0
1655274060000,6340.200000000001,6340.200000000001,6322.200000000001,6323.6,287,363223360.00000006,0.0,69076,6340.000000000001,0
1655274120000,6323.6,6323.6,6313.200000000001,6314.800000000001,346,437299680.0,0.0,69103,6323.6,0
1655274180000,6316.6,6324.200000000001,6315.400000000001,6322.6,170,214917880.0,0.0,69103,6314.8,0
1655274240000,6322.800000000001,6324.400000000001,6318.200000000001,6322.6,199,251612200.00000003,0.0,69113,6322.6,0
1655274300000,6322.800000000001,6325.800000000001,6312.200000000001,6312.6,216,272906880.0,0.0,69113,6322.6,0
1655274360000,6313.2,6316.8,6308.8,6309.400000000001,286,361023080.00000006,0.0,69114,6312.6,0
1655274420000,6308.8,6317.0,6308.6,6317.0,194,244904600.00000003,0.0,69135,6309.400000000001,0
1655274480000,6316.8,6325.0,6316.0,6322.8,212,268029760.00000003,0.0,69165,6317.0,0
1655274540000,6322.6,6324.800000000001,6322.200000000001,6324.800000000001,157,198564440.00000003,0.0,69160,6322.800000000001,0
1655274600000,6324.0,6324.2,6322.0,6323.4,101,127733680.00000001,0.0,69160,6324.8,0
1655274660000,6323.8,6329.4,6322.0,6327.4,203,256795120.0,0.0,69163,6323.4,0
1655274720000,6327.6,6327.6,6319.0,6321.8,197,249128600.00000003,0.0,69196,6327.4,0
1655274780000,6321.6,6333.2,6319.0,6332.8,189,239085080.00000003,0.0,69203,6321.8,0
1655274840000,6330.200000000001,6338.000000000001,6330.200000000001,6331.000000000001,246,311651880.0,0.0,69187,6332.800000000001,0
1655274900000,6331.0,6331.200000000001,6322.6,6322.6,185,234074080.0,0.0,69212,6331.0,0
1655274960000,6322.6,6326.0,6322.6,6324.200000000001,111,140401280.0,0.0,69197,6322.6,0
1655275020000,6324.2,6324.2,6316.8,6321.400000000001,256,323586560.0,0.0,69229,6324.2,0
1655275080000,6322.2,6324.4,6318.0,6323.6,115,145390040.0,0.0,69218,6321.4,0
1655275140000,6323.400000000001,6324.400000000001,6321.8,6322.400000000001,108,136581320.0,0.0,69198,6323.6,0
1655275200000,6322.400000000001,6322.6,6305.200000000001,6305.800000000001,290,366042360.0,0.0,69255,6322.400000000001,0
1655275260000,6305.400000000001,6307.000000000001,6303.200000000001,6305.800000000001,297,374534360.0,0.0,69293,6305.800000000001,0
1655275320000,6305.0,6306.4,6296.0,6297.6,398,501506640.00000006,0.0,69282,6305.8,0
1655275380000,6297.6,6300.000000000001,6291.200000000001,6292.000000000001,320,402868560.0,0.0,69268,6297.6,0
1655275440000,6291.8,6294.8,6290.8,6294.0,304,382593120.0,0.0,69261,6292.0,0
1655275500000,6294.0,6299.6,6293.6,6293.8,294,370217200.0,0.0,69322,6294.0,0
1655275560000,6293.2,6295.4,6286.0,6286.6,549,690751160.0,0.0,69346,6293.8,0
1655275620000,6286.6,6286.6,6276.200000000001,6277.6,611,767571760.0,0.0,69400,6286.6,0
1655275680000,6276.400000000001,6282.2,6275.8,6281.6,332,416943600.00000006,0.0,69405,6277.6,0
1655275740000,6281.6,6281.8,6275.0,6275.0,340,426891520.0,0.0,69429,6281.6,0
1655275800000,6275.0,6275.4,6270.0,6270.0,362,454094000.0,0.0,69475,6275.0,0
1655275860000,6270.0,6278.0,6270.0,6277.4,407,510723640.00000006,0.0,69527,6270.0,0
1655275920000,6277.400000000001,6278.6,6275.200000000001,6275.200000000001,328,411765800.00000006,0.0,69541,6277.400000000001,0
1655275980000,6275.400000000001,6276.6,6260.200000000001,6260.200000000001,378,473788760.00000006,0.0,69506,6275.200000000001,0
1655276040000,6260.6,6262.6,6258.8,6260.0,389,487029880.00000006,0.0,69454,6260.2,0
1655276100000,6259.8,6261.0,6255.0,6258.0,368,460576920.00000006,0.0,69438,6260.0,0
1655276160000,6256.4,6257.0,6250.0,6250.4,436,545338040.0,0.0,69526,6258.0,0
1655276220000,6250.200000000001,6252.6,6245.6,6247.6,415,518614440.0,0.0,69605,6250.400000000001,0
1655276280000,6248.8,6258.8,6248.0,6258.4,391,488893720.0,0.0,69618,6247.6,0
1655276340000,6257.6,6261.2,6256.0,6257.0,439,549540120.0,0.0,69673,6258.4,0
1655276400000,6257.200000000001,6259.200000000001,6250.200000000001,6251.6,474,593014280.0000001,6308.400000000001,69750,6257.000000000001,0
1655343000000,6280.0,6280.0,6280.0,6280.0,217,272552000.00000006,0.0,69588,6251.6,0
1655343060000,6280.0,6300.6,6276.6,6295.400000000001,1445,1817952080.0,0.0,68510,6280.0,0
1655343120000,6294.800000000001,6311.6,6290.200000000001,6311.6,1155,1454954920.0,0.0,67670,6295.400000000001,0
1655343180000,6311.0,6311.0,6301.8,6305.2,867,1093623080.0,0.0,67099,6311.6,0
1655343240000,6305.0,6311.0,6301.6,6307.8,574,723867440.0000001,0.0,66656,6305.200000000001,0
1655343300000,6310.4,6311.6,6299.0,6299.6,632,797062040.0000001,0.0,66232,6307.8,0
1655343360000,6299.6,6315.0,6297.0,6314.6,931,1174062440.0000002,0.0,65681,6299.6,0
1655343420000,6314.800000000001,6319.200000000001,6311.200000000001,6318.400000000001,731,923276880.0000001,0.0,65194,6314.6,0
1655343480000,6318.400000000001,6328.6,6316.400000000001,6324.6,791,1000159360.0000001,0.0,64669,6318.400000000001,0
1655343540000,6324.6,6331.0,6317.8,6324.0,1087,1374953080.0,0.0,64029,6324.6,0
1655343600000,6323.6,6331.400000000001,6322.200000000001,6327.800000000001,667,843901000.0,0.0,63597,6324.000000000001,0
1655343660000,6327.000000000001,6328.6,6322.200000000001,6322.800000000001,574,726054960.0000001,0.0,63286,6327.800000000001,0
1655343720000,6322.400000000001,6328.8,6321.400000000001,6328.000000000001,495,626240880.0,0.0,63019,6322.8,0
1655343780000,6325.6,6327.400000000001,6319.200000000001,6320.400000000001,398,503297240.00000006,0.0,62786,6328.000000000001,0
1655343840000,6320.0,6320.4,6310.0,6310.0,457,577189560.0,0.0,62501,6320.4,0
1655343900000,6310.0,6319.6,6308.6,6316.200000000001,522,659192600.0,0.0,62165,6310.0,0
1655343960000,6316.2,6316.2,6303.8,6304.400000000001,486,613272520.0,0.0,61813,6316.2,0
1655344020000,6304.2,6315.400000000001,6303.8,6313.2,508,641147520.0,0.0,61510,6304.400000000001,0
1655344080000,6313.400000000001,6322.6,6313.400000000001,6321.6,505,638266720.0,0.0,61214,6313.200000000001,0
1655344140000,6320.6,6331.800000000001,6318.200000000001,6331.6,446,564179680.0000001,0.0,60918,6321.6,0
1655344200000,6332.800000000001,6333.800000000001,6325.200000000001,6327.6,387,489855160.00000006,0.0,60708,6331.6,0
1655344260000,6327.8,6330.0,6320.8,6321.6,402,508451880.00000006,0.0,60431,6327.6,0
1655344320000,6323.400000000001,6328.0,6320.8,6324.0,339,428795839.99999994,0.0,60231,6321.6,0
1655344380000,6324.4,6328.2,6322.0,6325.0,232,293468000.00000006,0.0,60079,6324.0,0
1655344440000,6325.000000000001,6325.000000000001,6310.200000000001,6311.6,381,481222440.0,0.0,59815,6325.000000000001,0
1655344500000,6312.8,6313.200000000001,6302.6,6307.0,327,412491160.0,0.0,59621,6311.6,0
1655344560000,6307.0,6307.0,6293.0,6294.0,496,624797160.0,0.0,59362,6307.0,0
1655344620000,6295.000000000001,6296.000000000001,6289.400000000001,6290.6,327,411477600.00000006,0.0,59175,6294.000000000001,0
1655344680000,6292.000000000001,6299.6,6291.200000000001,6292.000000000001,496,624419600.0,0.0,58873,6290.6,0
1655344740000,6291.2,6297.2,6284.0,6284.0,320,402585880.0,0.0,58672,6292.0,0
1655344800000,6284.0,6298.8,6284.0,6296.4,557,701096520.0000001,0.0,58386,6284.0,0
1655344860000,6296.4,6304.8,6290.0,6298.8,660,831359080.0,0.0,58013,6296.4,0
1655344920000,6298.8,6301.8,6291.8,6296.8,360,453401800.0,0.0,57798,6298.8,0
1655344980000,6296.0,6304.8,6294.6,6301.400000000001,361,454873000.0,0.0,57592,6296.8,0
1655345040000,6301.400000000001,6318.000000000001,6301.400000000001,6317.8,512,646310880.0,0.0,57328,6301.400000000001,0
1655345100000,6317.8,6322.8,6315.400000000001,6321.000000000001,418,528290760.00000006,0.0,57133,6317.8,0
1655345160000,6321.200000000001,6327.200000000001,6321.200000000001,6325.400000000001,498,629941360.0,0.0,56819,6321.000000000001,0
1655345220000,6326.0,6327.8,6321.6,6323.400000000001,378,478127560.00000006,0.0,56597,6325.400000000001,0
1655345280000,6321.6,6325.200000000001,6316.400000000001,6322.000000000001,400,505649880.0,0.0,56336,6323.400000000001,0
1655345340000,6322.2,6322.2,6315.0,6317.4,258,326033840.0,0.0,56197,6322.0,0
1655345400000,6316.0,6316.0,6301.6,6304.400000000001,466,587943720.0000001,0.0,55908,6317.400000000001,0
1655345460000,6304.400000000001,6309.000000000001,6302.400000000001,6303.6,302,380837040.0,0.0,55761,6304.400000000001,0
1655345520000,6303.6,6305.000000000001,6296.200000000001,6297.6,305,384410040.0,0.0,55578,6303.6,0
1655345580000,6297.800000000001,6305.000000000001,6296.200000000001,6298.800000000001,291,366711840.00000006,0.0,55377,6297.6,0
1655345640000,6298.8,6304.6,6297.0,6303.8,264,332619680.0,0.0,55160,6298.8,0
1655345700000,6303.8,6303.8,6294.6,6297.0,233,293538840.0,0.0,55017,6303.8,0
1655345760000,6297.000000000001,6303.000000000001,6295.400000000001,6299.8,205,258280480.0,0.0,54893,6297.000000000001,0
1655345820000,6299.6,6307.400000000001,6299.200000000001,6305.400000000001,222,279895680.0,0.0,54766,6299.800000000001,0
1655345880000,6305.400000000001,6311.2,6303.8,6303.8,261,329305400.0,0.0,54593,6305.400000000001,0
1655345940000,6303.8,6306.0,6296.0,6297.0,151,190295400.0,0.0,54469,6303.8,0
1655346000000,6296.2,6296.8,6292.8,6294.400000000001,234,294590840.0,0.0,54311,6297.0,0
1655346060000,6294.4,6296.4,6292.0,6292.4,185,232879360.0,0.0,54187,6294.4,0
1655346120000,6292.4,6298.2,6292.0,6294.8,249,313549840.0,0.0,54004,6292.4,0
1655346180000,6294.800000000001,6297.800000000001,6294.200000000001,6296.200000000001,143,180063240.00000003,0.0,53889,6294.800000000001,0
1655346240000,6295.800000000001,6297.800000000001,6293.200000000001,6293.400000000001,182,229147560.0,0.0,53756,6296.200000000001,0
1655346300000,6295.6,6298.800000000001,6294.200000000001,6295.000000000001,334,420645078.99999994,0.0,53516,6293.400000000001,0
1655346360000,6295.400000000001,6295.400000000001,6291.8,6292.6,146,183762840.00000003,0.0,53430,6295.0,0
1655346420000,6293.0,6296.4,6290.0,6290.0,247,310894560.0,0.0,53275,6292.6,0
1655346480000,6290.000000000001,6294.000000000001,6289.400000000001,6292.000000000001,195,245363600.0,0.0,53154,6290.000000000001,0
1655346540000,6291.6,6302.400000000001,6291.6,6302.400000000001,436,549038680.0,0.0,52877,6292.0,0
1655346600000,6302.400000000001,6302.400000000001,6294.6,6298.8,266,335081920.00000006,0.0,52700,6302.400000000001,0
1655346660000,6299.8,6309.6,6299.8,6307.400000000001,457,576282880.0,0.0,52465,6298.8,0
1655346720000,6307.6,6308.4,6298.0,6304.6,278,350454520.00000006,0.0,52272,6307.4,0
1655346780000,6304.400000000001,6308.800000000001,6294.200000000001,6308.800000000001,273,344013640.0,0.0,52086,6304.6,0
1655346840000,6308.0,6310.2,6300.0,6307.6,270,340489200.0,0.0,51893,6308.8,0
1655346900000,6307.0,6309.0,6301.6,6305.400000000001,228,287534440.0,0.0,51739,6307.6,0
1655346960000,6305.8,6313.8,6305.0,6312.4,375,473266280.0,0.0,51478,6305.4,0
1655347020000,6312.4,6314.6,6309.0,6311.8,245,309294480.0,0.0,51343,6312.4,0
1655347080000,6311.8,6314.8,6311.0,6313.2,188,237371560.0,0.0,51213,6311.8,0
1655347140000,6313.200000000001,6314.200000000001,6306.6,6312.8,161,203205000.0,0.0,51109,6313.200000000001,0
1655347200000,6312.8,6312.8,6302.400000000001,6304.000000000001,182,229524200.0,0.0,51001,6312.8,0
1655347260000,6304.000000000001,6305.000000000001,6296.400000000001,6298.000000000001,229,288547280.00000006,0.0,50829,6304.000000000001,0
1655347320000,6300.0,6306.8,6299.8,6305.8,218,274833240.0,0.0,50673,6298.0,0
1655347380000,6305.8,6316.8,6302.6,6314.200000000001,329,415194758.99999994,0.0,50496,6305.8,0
1655347440000,6314.400000000001,6315.200000000001,6310.400000000001,6313.8,191,241155200.00000003,0.0,50375,6314.200000000001,0
1655347500000,6313.8,6315.2,6312.0,6315.0,119,150271960.0,0.0,50299,6313.8,0
1655347560000,6315.0,6319.6,6315.0,6318.2,331,418237400.0,0.0,50143,6315.0,0
1655347620000,6318.200000000001,6321.8,6313.400000000001,6320.6,299,377866280.00000006,0.0,50022,6318.200000000001,0
1655347680000,6320.6,6323.000000000001,6316.400000000001,6317.6,226,285696640.00000006,0.0,49908,6320.6,0
1655347740000,6317.6,6322.0,6315.8,6318.6,185,233785040.0,0.0,49810,6317.6,0
1655347800000,6318.6,6318.6,6310.8,6313.0,187,236138120.0,0.0,49759,6318.6,0
1655347860000,6312.8,6317.8,6309.0,6317.6,297,374993520.0,0.0,49623,6313.0,0
1655347920000,6317.6,6325.2,6317.0,6324.0,338,427455760.00000006,0.0,49448,6317.6,0
1655347980000,6323.400000000001,6324.0,6318.6,6321.8,174,219985560.00000003,0.0,49369,6324.0,0
1655348040000,6323.000000000001,6324.200000000001,6316.400000000001,6318.200000000001,192,242689920.00000003,0.0,49304,6321.8,0
1655348100000,6317.200000000001,6326.6,6317.200000000001,6325.800000000001,216,273138080.00000006,0.0,49217,6318.200000000001,0
1655348160000,6325.8,6327.2,6319.0,6319.0,241,304829720.0,0.0,49124,6325.8,0
1655348220000,6318.6,6318.6,6309.0,6310.2,368,464571840.00000006,0.0,48964,6319.0,0
1655348280000,6310.2,6323.2,6309.8,6323.0,309,390398840.00000006,0.0,48806,6310.2,0
1655348340000,6324.0,6328.0,6319.0,6324.4,270,341507280.0,0.0,48664,6323.0,0
1655348400000,6324.4,6324.6,6317.0,6322.0,202,255353600.00000003,0.0,48576,6324.4,0
1655348460000,6322.000000000001,6323.200000000001,6313.400000000001,6321.400000000001,292,369039160.0,0.0,48485,6322.000000000001,0
1655348520000,6321.400000000001,6323.200000000001,6311.6,6314.400000000001,166,209762680.00000003,0.0,48415,6321.400000000001,0
1655348580000,6314.400000000001,6322.400000000001,6314.400000000001,6321.000000000001,137,173140320.0,0.0,48367,6314.400000000001,0
1655348640000,6321.0,6321.8,6316.0,6318.0,112,141548240.00000003,0.0,48309,6321.0,0
1655348700000,6318.000000000001,6322.8,6317.400000000001,6322.6,133,168101080.0,0.0,48251,6318.000000000001,0
1655348760000,6322.6,6330.0,6322.6,6329.0,457,578423600.0000001,0.0,48013,6322.6,0
1655348820000,6329.0,6330.2,6324.0,6326.0,222,280972400.0,0.0,47893,6329.0,0
1655348880000,6325.8,6329.0,6317.6,6321.0,199,251657280.00000003,0.0,47798,6326.0,0
1655348940000,6322.200000000001,6322.200000000001,6317.400000000001,6320.400000000001,132,166861800.00000003,0.0,47732,6321.000000000001,0
1655349000000,6320.8,6323.4,6317.0,6323.4,150,189628160.0,0.0,47675,6320.4,0
1655349060000,6323.4,6325.0,6321.0,6324.8,106,134062640.00000001,0.0,47640,6323.4,0
1655349120000,6325.2,6330.0,6323.8,6328.8,156,197390720.00000003,0.0,47557,6324.8,0
1655349180000,6329.8,6330.0,6323.8,6325.0,157,198694920.00000003,0.0,47461,6328.8,0
1655349240000,6323.6,6325.000000000001,6320.200000000001,6324.000000000001,162,204840560.0,0.0,47386,6325.000000000001,0
1655349300000,6324.0,6326.4,6320.0,6326.0,113,142925800.0,0.0,47332,6324.0,0
1655349360000,6325.8,6331.400000000001,6325.6,6330.6,257,325313920.00000006,0.0,47255,6326.0,0
1655349420000,6330.6,6335.6,6329.0,6334.0,257,325546960.00000006,0.0,47137,6330.6,0
1655349480000,6333.2,6333.8,6328.0,6333.6,198,250716800.00000003,0.0,47055,6334.0,0
1655349540000,6333.000000000001,6334.400000000001,6327.200000000001,6328.800000000001,162,205101999.0,0.0,46975,6333.6,0
1655349600000,6328.8,6329.8,6318.0,6320.2,204,258021880.00000003,0.0,46879,6328.8,0
1655349660000,6320.6,6320.8,6313.0,6316.0,288,363863320.0,0.0,46749,6320.2,0
1655349720000,6316.0,6320.6,6316.0,6318.0,202,255258000.00000003,0.0,46662,6316.0,0
1655349780000,6318.0,6324.8,6317.0,6323.0,112,141593440.0,0.0,46622,6318.0,0
1655349840000,6323.6,6335.8,6323.6,6335.8,226,286140080.0,0.0,46520,6323.0,0
1655349900000,6334.8,6335.200000000001,6330.400000000001,6335.000000000001,162,205215920.0,0.0,46462,6335.8,0
1655349960000,6335.0,6337.6,6332.8,6337.6,169,214148800.00000003,0.0,46369,6335.0,0
1655350020000,6337.800000000001,6338.400000000001,6334.200000000001,6336.800000000001,194,245877160.00000003,0.0,46287,6337.6,0
1655350080000,6336.8,6339.400000000001,6332.6,6338.200000000001,183,231934520.0,0.0,46206,6336.8,0
1655350140000,6339.400000000001,6341.000000000001,6337.200000000001,6338.000000000001,163,206659000.0,0.0,46155,6338.200000000001,0
1655350200000,6338.0,6338.4,6334.0,6335.6,125,158409360.0,0.0,46104,6338.0,0
1655355660000,6332.000000000001,6332.000000000001,6318.400000000001,6320.000000000001,311,393356120.0,0.0,46001,6335.6,0
1655355720000,6319.8,6324.0,6318.0,6319.8,177,223763439.99999997,0.0,45944,6320.0,0
1655355780000,6319.800000000001,6327.800000000001,6318.200000000001,6325.6,146,184611000.00000003,0.0,45887,6319.800000000001,0
1655355840000,6324.6,6332.6,6323.8,6332.0,167,211414480.0,0.0,45803,6325.6,0
1655355900000,6332.000000000001,6334.800000000001,6325.200000000001,6330.200000000001,155,196233680.0,0.0,45768,6332.000000000001,0
1655355960000,6330.6,6332.000000000001,6323.400000000001,6324.200000000001,174,220215080.00000003,0.0,45717,6330.200000000001,0
1655356020000,6324.2,6324.2,6316.0,6319.6,291,367761360.0,0.0,45644,6324.2,0
1655356080000,6319.8,6321.8,6314.0,6318.0,191,241328800.00000003,0.0,45592,6319.6,0
1655356140000,6317.8,6327.6,6317.8,6323.400000000001,112,141630520.0,0.0,45566,6318.0,0
1655356200000,6323.400000000001,6325.200000000001,6319.6,6319.6,84,106221360.0,0.0,45545,6323.400000000001,0
1655356260000,6319.4,6321.8,6313.0,6313.0,140,176891680.0,0.0,45517,6319.6,0
1655356320000,6313.0,6314.0,6308.0,6309.8,267,336995720.00000006,0.0,45461,6313.0,0
1655356380000,6309.400000000001,6309.400000000001,6305.200000000001,6305.800000000001,177,223271239.99999997,0.0,45414,6309.800000000001,0
1655356440000,6306.6,6306.6,6302.0,6302.2,177,223143439.99999997,0.0,45353,6305.8,0
1655356500000,6302.2,6306.6,6301.8,6301.8,203,255917480.00000003,0.0,45264,6302.2,0
1655356560000,6301.400000000001,6303.6,6298.6,6300.0,267,336479720.00000006,0.0,45136,6301.8,0
1655356620000,6297.200000000001,6304.6,6297.200000000001,6303.400000000001,182,229367960.0,0.0,45085,6300.000000000001,0
1655356680000,6303.0,6304.4,6299.0,6303.6,178,224310920.0,0.0,45076,6303.4,0
1655356740000,6303.8,6307.0,6303.0,6305.4,158,199251720.0,0.0,45051,6303.6,0
1655356800000,6305.400000000001,6305.6,6298.8,6300.8,164,206681320.00000003,0.0,45012,6305.400000000001,0
1655356860000,6301.0,6303.8,6298.8,6301.8,132,166344520.00000003,0.0,44986,6300.8,0
1655356920000,6303.200000000001,6308.200000000001,6301.200000000001,6301.200000000001,192,242108440.00000003,0.0,44961,6301.800000000001,0
1655356980000,6301.2,6303.400000000001,6298.8,6299.2,157,197832640.00000003,0.0,44912,6301.2,0
1655357040000,6299.200000000001,6300.200000000001,6296.200000000001,6296.6,164,206570520.00000003,0.0,44878,6299.200000000001,0
1655357100000,6296.6,6300.0,6295.8,6297.0,132,166271320.0,0.0,44841,6296.6,0
1655357160000,6297.0,6300.0,6294.0,6299.0,167,210301240.0,0.0,44797,6297.0,0
1655357220000,6299.000000000001,6299.200000000001,6296.200000000001,6296.6,157,197768680.0,0.0,44726,6299.000000000001,0
1655357280000,6296.6,6311.400000000001,6296.6,6311.400000000001,336,423732600.0,0.0,44626,6296.6,0
1655357340000,6311.400000000001,6312.6,6304.6,6309.6,184,232165280.00000003,0.0,44591,6311.400000000001,0
1655357400000,6308.8,6309.000000000001,6302.400000000001,6303.6,183,230766960.0,0.0,44582,6309.6,0
1655357460000,6303.8,6303.8,6298.6,6299.400000000001,166,209195000.0,0.0,44563,6303.6,0
1655357520000,6300.0,6302.0,6298.0,6300.6,106,133565040.00000003,0.0,44532,6299.4,0
1655357580000,6300.4,6301.6,6296.0,6298.6,126,158715280.00000003,0.0,44513,6300.6,0
1655357640000,6298.6,6298.6,6292.6,6294.0,139,174996080.0,0.0,44491,6298.6,0
1655357700000,6295.000000000001,6296.800000000001,6292.200000000001,6293.6,100,125890080.0,0.0,44468,6294.000000000001,0
1655357760000,6293.2,6294.4,6291.0,6293.6,154,193805080.0,0.0,44420,6293.6,0
1655357820000,6292.200000000001,6299.400000000001,6292.200000000001,6298.800000000001,161,202769000.0,0.0,44345,6293.6,0
1655357880000,6299.2,6299.6,6294.0,6295.0,116,146082000.00000003,0.0,44288,6298.8,0
1655357940000,6295.400000000001,6297.400000000001,6292.6,6294.0,178,224096600.0,0.0,44207,6295.0,0
1655358000000,6294.000000000001,6299.8,6291.400000000001,6298.200000000001,142,178835360.0,0.0,44130,6294.000000000001,0
1655358060000,6298.0,6299.400000000001,6295.6,6298.0,190,239291440.0,0.0,44080,6298.200000000001,0
1655358120000,6298.0,6298.8,6295.0,6296.4,125,157411680.0,0.0,44051,6298.0,0
1655358180000,6296.400000000001,6297.400000000001,6291.200000000001,6291.200000000001,109,137226920.0,0.0,44002,6296.400000000001,0
1655358240000,6290.2,6294.4,6290.0,6293.6,121,152272200.00000003,0.0,43946,6291.2,0
1655358300000,6293.6,6295.2,6288.0,6288.0,177,222690760.0,0.0,43887,6293.6,0
1655358360000,6288.000000000001,6289.000000000001,6283.200000000001,6283.200000000001,207,260250640.00000003,0.0,43819,6288.000000000001,0
1655358420000,6284.6,6286.200000000001,6282.400000000001,6285.8,186,233787240.00000003,0.0,43732,6283.200000000001,0
1655358480000,6285.8,6286.6,6282.0,6282.0,154,193543240.0,0.0,43681,6285.8,0
1655358540000,6282.0,6286.6,6281.8,6283.6,195,245085840.0,0.0,43611,6282.0,0
1655358600000,6283.6,6288.6,6283.6,6287.8,158,198665360.0,0.0,43543,6283.6,0
1655358660000,6287.8,6287.8,6281.0,6281.0,151,189765120.00000003,0.0,43449,6287.8,0
1655358720000,6281.400000000001,6282.000000000001,6268.200000000001,6269.6,312,391583200.0,0.0,43397,6281.000000000001,0
1655358780000,6269.6,6273.4,6269.0,6272.2,226,283491760.00000006,0.0,43352,6269.6,0
1655358840000,6272.2,6272.4,6268.0,6268.0,192,240767800.00000003,0.0,43289,6272.2,0
1655358900000,6268.2,6273.2,6267.0,6268.6,256,321050560.0,0.0,43220,6268.0,0
1655358960000,6268.6,6278.400000000001,6267.400000000001,6277.400000000001,263,329965920.0,0.0,43172,6268.6,0
1655359020000,6278.2,6287.8,6278.0,6285.0,352,442365600.0,0.0,43136,6277.4,0
1655359080000,6284.800000000001,6285.000000000001,6276.200000000001,6280.200000000001,219,275048520.0,0.0,43124,6285.000000000001,0
1655359140000,6281.000000000001,6281.8,6273.400000000001,6275.000000000001,180,226003760.0,0.0,43110,6280.200000000001,0
1655359200000,6275.4,6275.6,6264.0,6265.4,328,411141560.00000006,0.0,43035,6275.0,0
1655359260000,6265.400000000001,6268.000000000001,6263.400000000001,6264.400000000001,178,223041920.00000003,0.0,42957,6265.400000000001,0
1655359320000,6264.8,6275.2,6263.0,6267.8,183,229465040.00000003,0.0,42927,6264.4,0
1655359380000,6268.2,6268.4,6262.0,6263.0,204,255581560.00000003,0.0,42908,6267.8,0
1655359440000,6263.000000000001,6271.8,6261.400000000001,6261.400000000001,251,314564160.0,0.0,42831,6263.000000000001,0
1655359500000,6262.000000000001,6266.000000000001,6261.200000000001,6261.400000000001,241,301884520.0,0.0,42797,6261.400000000001,0
1655359560000,6261.400000000001,6266.6,6261.400000000001,6263.000000000001,138,172871920.0,0.0,42767,6261.400000000001,0
1655359620000,6263.000000000001,6263.000000000001,6255.400000000001,6255.6,253,316719800.0,0.0,42714,6263.000000000001,0
1655359680000,6255.2,6258.4,6254.0,6255.0,188,235213960.0,0.0,42652,6255.6,0
1655359740000,6255.0,6255.0,6251.0,6252.2,192,240112400.00000003,0.0,42605,6255.0,0
1655359800000,6252.2,6254.0,6250.0,6250.0,198,247569560.00000003,0.0,42583,6252.2,0
1655359860000,6250.0,6260.4,6250.0,6258.0,325,406644360.0,0.0,42553,6250.0,0
1655359920000,6259.6,6269.0,6259.6,6265.400000000001,225,281933760.0,0.0,42539,6258.0,0
1655359980000,6265.4,6265.6,6255.0,6260.6,199,249161240.00000003,0.0,42502,6265.4,0
1655360040000,6260.6,6262.400000000001,6257.400000000001,6262.000000000001,147,184030280.00000003,0.0,42422,6260.6,0
1655360100000,6262.4,6274.6,6261.0,6271.6,256,321033880.0,0.0,42392,6262.0,0
1655360160000,6271.2,6278.8,6268.8,6273.6,276,346281120.0,0.0,42355,6271.6,0
1655360220000,6273.6,6273.800000000001,6265.200000000001,6273.6,205,257079840.0,0.0,42323,6273.6,0
1655360280000,6275.4,6275.4,6267.0,6270.2,160,200613760.0,0.0,42302,6273.6,0
1655360340000,6270.200000000001,6278.200000000001,6268.400000000001,6275.000000000001,140,175636720.0,0.0,42250,6270.200000000001,0
1655360400000,6276.0,6276.0,6268.0,6270.6,131,164272320.00000003,0.0,42210,6275.0,0
1655360460000,6269.8,6273.8,6269.8,6271.6,116,145508520.0,0.0,42156,6270.6,0
1655360520000,6271.8,6276.200000000001,6267.400000000001,6276.200000000001,187,234557120.0,0.0,42080,6271.6,0
1655360580000,6276.8,6280.6,6275.400000000001,6280.6,256,321416600.0,0.0,41989,6276.200000000001,0
1655360640000,6280.6,6282.800000000001,6278.200000000001,6281.200000000001,199,249959320.00000003,0.0,41924,6280.6,0
1655360700000,6282.2,6282.8,6279.0,6282.2,195,244952320.0,0.0,41859,6281.2,0
1655360760000,6282.200000000001,6283.400000000001,6280.200000000001,6283.200000000001,215,270136600.0,0.0,41782,6282.200000000001,0
1655360820000,6282.000000000001,6282.200000000001,6273.200000000001,6276.200000000001,192,241061440.00000003,0.0,41730,6283.200000000001,0
1655360880000,6276.800000000001,6279.6,6276.200000000001,6276.800000000001,133,166976120.0,0.0,41663,6276.200000000001,0
1655360940000,6276.6,6279.400000000001,6272.400000000001,6272.8,187,234701320.0,0.0,41612,6276.8,0
1655361000000,6273.400000000001,6275.6,6268.8,6268.8,263,329830760.0,0.0,41571,6272.8,0
1655361060000,6268.8,6270.4,6266.0,6269.0,184,230677280.00000003,0.0,41517,6268.8,0
1655361120000,6269.200000000001,6278.0,6268.6,6276.200000000001,178,223368000.00000003,0.0,41502,6269.0,0
1655361180000,6274.400000000001,6275.8,6270.400000000001,6270.400000000001,112,140513200.0,0.0,41478,6276.200000000001,0
1655361240000,6270.400000000001,6270.6,6256.6,6258.0,356,445902600.00000006,0.0,41365,6270.400000000001,0
1655361300000,6257.800000000001,6267.000000000001,6257.200000000001,6257.6,200,250501000.0,0.0,41335,6258.000000000001,0
1655361360000,6257.6,6262.8,6254.6,6254.8,240,300353520.0,0.0,41234,6257.6,0
1655361420000,6254.800000000001,6258.6,6254.200000000001,6255.000000000001,137,171414800.0,0.0,41222,6254.800000000001,0
1655361480000,6254.2,6258.4,6252.0,6252.6,195,243878960.0,0.0,41168,6255.0,0
1655361540000,6252.6,6257.6,6252.0,6257.6,165,206388240.0,0.0,41130,6252.6,0
1655361600000,6257.6,6257.6,6254.200000000001,6255.200000000001,144,180159480.0,0.0,41074,6257.6,0
1655361660000,6255.400000000001,6263.8,6255.400000000001,6261.000000000001,236,295494960.0,0.0,41018,6255.200000000001,0
1655361720000,6261.0,6261.2,6249.8,6249.8,360,450375800.0,0.0,40895,6261.0,0
1655361780000,6249.8,6250.0,6243.6,6245.400000000001,304,379756880.0,0.0,40864,6249.8,0
1655361840000,6245.400000000001,6252.200000000001,6245.400000000001,6248.000000000001,244,304929280.0,0.0,40758,6245.400000000001,0
1655361900000,6248.200000000001,6251.400000000001,6247.200000000001,6250.000000000001,166,207465200.0,0.0,40674,6248.000000000001,0
1655361960000,6250.0,6251.8,6249.0,6251.8,204,255009600.00000003,0.0,40613,6250.0,0
1655362020000,6251.200000000001,6255.000000000001,6251.200000000001,6253.200000000001,152,190091360.0,0.0,40605,6251.800000000001,0
1655362080000,6253.2,6253.6,6252.0,6252.0,127,158818200.0,0.0,40581,6253.2,0
1655362140000,6252.000000000001,6252.400000000001,6250.400000000001,6251.400000000001,224,280068880.00000006,0.0,40502,6252.000000000001,0
1655362200000,6251.200000000001,6254.000000000001,6250.400000000001,6254.000000000001,170,212570520.0,0.0,40423,6251.400000000001,0
1655362260000,6254.0,6257.8,6253.8,6255.2,218,272743960.0,0.0,40393,6254.0,0
1655362320000,6255.0,6255.0,6252.6,6253.8,225,281416480.0,0.0,40371,6255.200000000001,0
1655362380000,6253.8,6259.400000000001,6253.8,6258.6,207,259040040.00000003,0.0,40301,6253.8,0
1655362440000,6258.6,6258.8,6256.400000000001,6257.6,131,163949040.0,0.0,40248,6258.6,0
1655362500000,6257.8,6258.0,6256.0,6256.0,192,240264720.00000003,0.0,40155,6257.6,0
1655362560000,6256.000000000001,6257.000000000001,6255.200000000001,6256.400000000001,200,250234920.0,0.0,40143,6256.000000000001,0
1655362620000,6256.200000000001,6257.6,6254.6,6257.0,311,389102800.00000006,0.0,40104,6256.400000000001,0
1655362680000,6256.8,6258.400000000001,6255.400000000001,6257.000000000001,307,384159560.00000006,0.0,40107,6257.000000000001,0
1655362740000,6257.200000000001,6258.0,6255.6,6256.6,300,375401800.0,0.0,40093,6257.0,0
1655362800000,6256.200000000001,6259.8,6251.6,6253.6,491,614364800.0,6261.6,39943,6256.6,0
1655429400000,6220.0,6220.0,6220.0,6220.0,194,241336000.00000003,0.0,39752,6253.6,0
1655429460000,6220.0,6241.6,6215.6,6233.0,1201,1496652480.0,0.0,38622,6220.0,0
1655429520000,6232.6,6233.2,6220.0,6225.2,796,991167560.0000001,0.0,37974,6233.0,0
1655429580000,6226.6,6231.8,6225.0,6227.8,573,713778680.0,0.0,37411,6225.2,0
1655429640000,6227.200000000001,6239.6,6227.200000000001,6239.6,444,553413280.0,0.0,37011,6227.800000000001,0
1655429700000,6238.0,6239.8,6230.6,6236.200000000001,577,719530800.0000001,0.0,36469,6239.6,0
1655429760000,6236.200000000001,6240.6,6235.200000000001,6237.000000000001,393,490331560.00000006,0.0,36108,6236.200000000001,0
1655429820000,6237.0,6240.0,6234.8,6236.8,426,531400680.00000006,0.0,35693,6237.0,0
1655429880000,6236.8,6251.400000000001,6236.8,6251.0,499,623309840.0000001,0.0,35223,6236.8,0
1655429940000,6251.8,6267.0,6251.0,6264.0,569,712395000.0,0.0,34738,6251.0,0
1655430000000,6264.400000000001,6264.400000000001,6257.400000000001,6261.8,378,473346760.0,0.0,34398,6264.000000000001,0
1655430060000,6262.6,6270.0,6258.0,6262.8,408,511145520.00000006,0.0,34039,6261.8,0
1655430120000,6262.0,6269.0,6258.6,6267.200000000001,204,255618000.00000003,0.0,33856,6262.8,0
1655430180000,6267.400000000001,6268.6,6259.8,6261.0,222,278166160.0,0.0,33658,6267.2,0
1655430240000,6261.0,6275.0,6260.6,6275.0,325,407486080.0,0.0,33362,6261.0,0
1655430300000,6275.000000000001,6275.000000000001,6268.400000000001,6273.000000000001,177,221999800.0,0.0,33209,6275.000000000001,0
1655430360000,6273.000000000001,6273.8,6266.400000000001,6266.400000000001,210,263379240.0,0.0,33013,6273.000000000001,0
1655430420000,6266.400000000001,6279.000000000001,6266.400000000001,6278.000000000001,217,272263680.0,0.0,32816,6266.400000000001,0
1655430480000,6278.8,6280.0,6270.6,6274.400000000001,313,392897960.0,0.0,32549,6278.0,0
1655430540000,6273.6,6287.000000000001,6273.400000000001,6286.6,360,452294840.0,0.0,32249,6274.400000000001,0
1655430600000,6286.6,6289.8,6283.0,6289.8,201,252714520.00000003,0.0,32080,6286.6,0
1655430660000,6290.0,6300.4,6285.0,6300.0,729,917921480.0000001,0.0,31499,6289.8,0
1655430720000,6300.0,6300.6,6292.6,6295.0,525,661334720.0,0.0,31039,6300.0,0
1655430780000,6296.2,6296.8,6285.8,6289.0,231,290582240.0,0.0,30854,6295.0,0
1655430840000,6289.0,6290.0,6283.0,6290.0,211,265266680.00000003,0.0,30701,6289.0,0
1655430900000,6290.0,6295.0,6288.8,6291.6,201,252967280.00000003,0.0,30516,6290.0,0
1655430960000,6291.6,6299.8,6285.0,6291.4,363,456643720.00000006,0.0,30209,6291.6,0
1655431020000,6292.800000000001,6300.000000000001,6289.200000000001,6289.200000000001,346,435766480.0,0.0,29938,6291.400000000001,0
1655431080000,6289.200000000001,6291.6,6286.200000000001,6287.800000000001,172,216306720.0,0.0,29788,6289.200000000001,0
1655431140000,6287.6,6288.0,6277.6,6278.400000000001,293,368067640.0,0.0,29538,6287.8,0
1655431200000,6278.4,6289.6,6278.0,6289.4,259,325431800.0,0.0,29310,6278.4,0
1655431260000,6289.2,6299.2,6287.8,6293.0,323,406567080.00000006,0.0,29078,6289.400000000001,0
1655431320000,6293.0,6294.8,6289.0,6294.0,252,317119520.0,0.0,28846,6293.0,0
1655431380000,6294.0,6303.400000000001,6291.8,6302.2,466,587084840.0000001,0.0,28424,6294.0,0
1655431440000,6302.200000000001,6304.6,6296.6,6297.0,230,289787920.0,0.0,28220,6302.200000000001,0
1655431500000,6296.6,6299.2,6294.8,6298.0,138,173794600.00000003,0.0,28098,6297.0,0
1655431560000,6298.0,6299.8,6290.6,6291.6,191,240478800.0,0.0,27967,6298.0,0
1655431620000,6293.4,6293.4,6288.0,6291.6,164,206317320.00000003,0.0,27841,6291.6,0
1655431680000,6291.6,6297.0,6291.6,6297.0,134,168681240.0,0.0,27761,6291.6,0
1655431740000,6297.0,6298.2,6287.0,6287.0,145,182441680.0,0.0,27636,6297.0,0
1655431800000,6287.0,6289.0,6285.6,6286.400000000001,114,143351960.0,0.0,27532,6287.0,0
1655431860000,6285.8,6289.0,6284.0,6284.0,148,186065240.0,0.0,27391,6286.4,0
1655431920000,6285.0,6289.0,6281.0,6284.0,137,172164920.0,0.0,27264,6284.0,0
1655431980000,6284.0,6295.0,6282.6,6292.6,171,215081680.00000003,0.0,27128,6284.0,0
1655432040000,6292.6,6292.6,6281.0,6281.0,74,93036680.00000001,0.0,27062,6292.6,0
1655432100000,6281.0,6288.400000000001,6280.8,6286.2,132,165918960.00000003,0.0,26943,6281.0,0
1655432160000,6285.200000000001,6293.0,6284.6,6289.0,124,155965440.00000003,0.0,26828,6286.200000000001,0
1655432220000,6289.000000000001,6289.400000000001,6282.400000000001,6283.6,109,137026880.0,0.0,26729,6289.000000000001,0
1655432280000,6283.6,6285.8,6283.0,6285.8,142,178481840.0,0.0,26594,6283.6,0
1655432340000,6285.8,6288.400000000001,6280.8,6282.0,147,184746280.0,0.0,26454,6285.8,0
1655432400000,6282.000000000001,6285.200000000001,6280.200000000001,6280.200000000001,72,90459520.0,0.0,26387,6282.000000000001,0
1655432460000,6280.200000000001,6280.200000000001,6266.400000000001,6266.400000000001,227,284834360.00000006,0.0,26217,6280.200000000001,0
1655432520000,6266.400000000001,6267.8,6262.6,6263.400000000001,203,254325080.0,0.0,26042,6266.400000000001,0
1655432580000,6263.4,6269.2,6263.0,6263.6,167,209278320.0,0.0,25897,6263.4,0
1655432640000,6264.000000000001,6268.400000000001,6255.200000000001,6260.6,150,187839760.0,0.0,25760,6263.6,0
1655432700000,6260.400000000001,6260.400000000001,6253.6,6255.6,195,244002440.0,0.0,25591,6260.6,0
1655432760000,6255.6,6262.0,6252.6,6259.8,163,203982320.0,0.0,25441,6255.6,0
1655432820000,6259.8,6275.6,6259.8,6272.0,181,226909200.00000003,0.0,25296,6259.8,0
1655432880000,6272.0,6272.0,6263.8,6269.2,121,151705280.00000003,0.0,25184,6272.0,0
1655432940000,6267.400000000001,6274.8,6267.400000000001,6271.400000000001,117,146768440.0,0.0,25079,6269.200000000001,0
1655433000000,6271.000000000001,6272.400000000001,6267.200000000001,6270.6,155,194385480.0,0.0,24939,6271.400000000001,0
1655433060000,6270.6,6272.8,6267.0,6267.0,100,125401400.0,0.0,24845,6270.6,0
1655433120000,6267.0,6283.8,6265.6,6280.0,183,229659280.0,0.0,24682,6267.0,0
1655433180000,6279.400000000001,6281.0,6275.6,6275.8,80,100458480.0,0.0,24616,6280.0,0
1655433240000,6275.8,6275.8,6267.6,6271.200000000001,154,193106880.00000003,0.0,24479,6275.8,0
1655433300000,6271.200000000001,6277.000000000001,6270.200000000001,6276.000000000001,90,112921880.0,0.0,24398,6271.200000000001,0
1655433360000,6276.000000000001,6279.800000000001,6273.200000000001,6278.400000000001,81,101685800.0,0.0,24322,6276.000000000001,0
1655433420000,6279.200000000001,6279.200000000001,6269.400000000001,6270.000000000001,78,97845160.00000001,0.0,24262,6278.400000000001,0
1655433480000,6270.000000000001,6271.000000000001,6266.200000000001,6267.400000000001,60,75221480.0,0.0,24209,6270.000000000001,0
1655433540000,6268.0,6268.200000000001,6256.6,6258.200000000001,175,219189840.0,0.0,24065,6267.400000000001,0
1655433600000,6258.2,6258.2,6252.0,6253.2,173,216379960.0,0.0,23923,6258.2,0
1655433660000,6252.6,6261.400000000001,6252.6,6256.400000000001,117,146431160.0,0.0,23832,6253.200000000001,0
1655433720000,6256.400000000001,6259.8,6253.6,6259.8,128,160179640.00000003,0.0,23722,6256.400000000001,0
1655433780000,6259.0,6260.4,6253.0,6253.0,156,195179800.00000003,0.0,23577,6259.8,0
1655433840000,6254.2,6259.8,6252.8,6253.0,127,158887600.0,0.0,23462,6253.0,0
1655433900000,6252.0,6261.2,6252.0,6257.6,138,172699840.0,0.0,23340,6253.0,0
1655433960000,6257.6,6262.6,6253.0,6254.8,105,131421080.0,0.0,23246,6257.6,0
1655434020000,6253.6,6255.2,6241.0,6241.4,206,257380200.0,0.0,23078,6254.8,0
1655434080000,6241.400000000001,6243.6,6238.400000000001,6238.400000000001,144,179720440.0,0.0,22958,6241.400000000001,0
1655434140000,6238.400000000001,6241.000000000001,6237.400000000001,6237.400000000001,153,190898120.0,0.0,22820,6238.400000000001,0
1655434200000,6237.400000000001,6239.000000000001,6232.200000000001,6237.800000000001,330,411662520.0,0.0,22559,6237.400000000001,0
1655434260000,6236.0,6239.0,6232.0,6233.6,168,209478720.0,0.0,22431,6237.8,0
1655434320000,6232.0,6233.4,6229.0,6230.2,163,203111840.0,0.0,22334,6233.6,0
1655434380000,6230.0,6230.0,6221.6,6222.0,170,211659400.0,0.0,22214,6230.200000000001,0
1655434440000,6222.0,6231.4,6222.0,6229.8,160,199246240.0,0.0,22099,6222.0,0
1655434500000,6229.000000000001,6233.400000000001,6223.200000000001,6223.200000000001,133,165632760.0,0.0,22014,6229.800000000001,0
1655434560000,6223.200000000001,6223.200000000001,6212.6,6212.6,233,289808600.00000006,0.0,21901,6223.200000000001,0
1655434620000,6212.400000000001,6216.000000000001,6209.200000000001,6209.200000000001,189,234801040.00000003,0.0,21771,6212.6,0
1655434680000,6209.0,6209.400000000001,6198.6,6198.6,379,470276120.0,0.0,21704,6209.200000000001,0
1655434740000,6198.6,6198.6,6181.0,6182.6,319,394941480.0,0.0,21607,6198.6,0
1655434800000,6183.0,6199.4,6183.0,6198.6,266,329567320.0,0.0,21484,6182.6,0
1655434860000,6198.6,6204.000000000001,6192.400000000001,6201.6,236,292539200.0,0.0,21371,6198.6,0
1655434920000,6202.6,6213.400000000001,6202.6,6208.8,170,211093160.0,0.0,21266,6201.6,0
1655434980000,6208.8,6208.8,6194.0,6199.0,195,241787400.0,0.0,21151,6208.8,0
1655435040000,6199.0,6209.6,6198.8,6204.8,200,248186240.0,0.0,21016,6199.0,0
1655435100000,6207.8,6217.6,6206.0,6214.8,153,190090760.0,0.0,20883,6204.8,0
1655435160000,6210.0,6213.400000000001,6202.6,6209.0,151,187463280.00000003,0.0,20793,6214.8,0
1655435220000,6209.0,6210.0,6204.6,6209.8,116,144021280.0,0.0,20706,6209.0,0
1655435280000,6210.0,6212.0,6201.6,6203.0,146,181232240.0,0.0,20604,6209.8,0
1655435340000,6203.0,6206.0,6196.8,6197.400000000001,136,168674080.00000003,0.0,20525,6203.0,0
1655435400000,6197.400000000001,6202.000000000001,6191.200000000001,6191.800000000001,149,184670880.00000003,0.0,20460,6197.400000000001,0
1655435460000,6191.8,6199.6,6185.0,6191.6,127,157300520.00000003,0.0,20399,6191.8,0
1655435520000,6190.200000000001,6205.6,6190.200000000001,6205.6,99,122725560.0,0.0,20334,6191.6,0
1655435580000,6205.6,6205.6,6191.6,6193.400000000001,121,149971800.0,0.0,20256,6205.6,0
1655435640000,6193.6,6204.0,6193.6,6204.0,112,138852320.00000003,0.0,20171,6193.400000000001,0
1655435700000,6204.400000000001,6221.6,6204.400000000001,6221.6,123,152867800.0,0.0,20103,6204.000000000001,0
1655435760000,6221.6,6224.8,6214.6,6219.0,130,161756600.0,0.0,20006,6221.6,0
1655435820000,6219.000000000001,6223.8,6218.400000000001,6221.8,88,109498560.0,0.0,19951,6219.000000000001,0
1655435880000,6222.400000000001,6223.000000000001,6217.400000000001,6218.200000000001,83,103257600.0,0.0,19897,6221.8,0
1655435940000,6217.0,6227.8,6217.0,6227.8,91,113231519.99999999,0.0,19854,6218.2,0
1655436000000,6227.8,6230.0,6223.0,6225.4,80,99628600.0,0.0,19814,6227.8,0
1655436060000,6225.400000000001,6226.6,6220.400000000001,6226.6,100,124457280.0,0.0,19772,6225.400000000001,0
1655436120000,6226.6,6234.400000000001,6221.8,6234.2,127,158192840.0,0.0,19708,6226.6,0
1655436180000,6234.200000000001,6243.800000000001,6231.200000000001,6242.200000000001,125,155944680.0,0.0,19631,6234.200000000001,0
1655436240000,6242.2,6251.8,6242.0,6251.8,111,138669920.00000003,0.0,19572,6242.2,0
1655436300000,6251.8,6252.6,6245.0,6246.6,155,193689480.0,0.0,19536,6251.8,0
1655436360000,6246.6,6248.6,6242.200000000001,6242.200000000001,99,123667840.0,0.0,19490,6246.6,0
1655436420000,6242.200000000001,6253.6,6242.200000000001,6245.400000000001,109,136182560.0,0.0,19434,6242.200000000001,0
1655436480000,6245.400000000001,6245.400000000001,6231.8,6234.6,156,194659360.0,0.0,19369,6245.400000000001,0
1655436540000,6234.6,6234.6,6229.8,6231.0,79,98469440.0,0.0,19324,6234.6,0
1655436600000,6230.000000000001,6230.800000000001,6225.200000000001,6226.6,108,134530240.00000003,0.0,19286,6231.000000000001,0
1655442060000,6227.200000000001,6241.000000000001,6227.200000000001,6239.200000000001,133,165822400.0,0.0,19268,6226.6,0
1655442120000,6239.200000000001,6240.400000000001,6236.200000000001,6238.200000000001,82,102313720.0,0.0,19225,6239.200000000001,0
1655442180000,6238.200000000001,6248.6,6238.200000000001,6247.000000000001,87,108652520.00000001,0.0,19179,6238.200000000001,0
1655442240000,6247.000000000001,6249.400000000001,6246.200000000001,6249.400000000001,64,79964360.0,0.0,19140,6247.000000000001,0
1655442300000,6247.200000000001,6253.000000000001,6247.200000000001,6250.000000000001,89,111241480.0,0.0,19071,6249.400000000001,0
1655442360000,6249.8,6253.0,6247.0,6249.0,95,118737720.0,0.0,18997,6250.0,0
1655442420000,6249.0,6249.200000000001,6244.6,6248.6,108,134917160.0,0.0,18936,6249.0,0
1655442480000,6249.2,6256.0,6248.8,6254.2,73,91274360.00000001,0.0,18883,6248.6,0
1655442540000,6256.8,6256.8,6250.8,6253.6,45,56279560.0,0.0,18849,6254.2,0
1655442600000,6253.6,6253.800000000001,6247.200000000001,6248.200000000001,97,121233400.00000001,0.0,18788,6253.6,0
1655442660000,6248.4,6250.8,6248.0,6249.0,91,113729400.0,0.0,18736,6248.2,0
1655442720000,6248.4,6249.6,6248.0,6248.2,77,96228040.00000001,0.0,18679,6249.0,0
1655442780000,6248.200000000001,6248.400000000001,6247.200000000001,6247.6,92,114961520.00000001,0.0,18618,6248.200000000001,0
1655442840000,6247.400000000001,6259.000000000001,6247.400000000001,6257.8,84,105033800.00000001,0.0,18575,6247.6,0
1655442900000,6259.000000000001,6259.000000000001,6256.200000000001,6258.000000000001,66,82602680.00000001,0.0,18528,6257.800000000001,0
1655442960000,6257.8,6258.400000000001,6254.6,6258.200000000001,85,106368440.0,0.0,18486,6258.0,0
1655443020000,6257.8,6264.6,6257.6,6264.6,83,103912440.00000001,0.0,18423,6258.200000000001,0
1655443080000,6265.0,6265.0,6257.8,6257.8,70,87646560.0,0.0,18378,6264.6,0
1655443140000,6257.8,6267.0,6257.0,6266.8,115,144048040.0,0.0,18302,6257.8,0
1655443200000,6266.400000000001,6266.8,6260.6,6265.8,57,71419800.0,0.0,18260,6266.8,0
1655443260000,6265.8,6266.8,6264.400000000001,6266.6,61,76446760.00000001,0.0,18214,6265.8,0
1655443320000,6266.6,6276.0,6265.8,6271.400000000001,69,86527360.0,0.0,18169,6266.6,0
1655443380000,6271.400000000001,6275.000000000001,6271.400000000001,6275.000000000001,72,90331520.0,0.0,18117,6271.400000000001,0
1655443440000,6274.8,6275.6,6272.8,6272.8,54,67769920.0,0.0,18085,6275.0,0
1655443500000,6272.8,6275.400000000001,6272.400000000001,6275.000000000001,73,91610320.0,0.0,18031,6272.8,0
1655443560000,6274.6,6274.6,6272.400000000001,6274.400000000001,52,65245160.0,0.0,17991,6275.000000000001,0
1655443620000,6273.400000000001,6274.000000000001,6270.200000000001,6270.200000000001,47,58959520.0,0.0,17961,6274.400000000001,0
1655443680000,6268.200000000001,6268.6,6260.200000000001,6262.200000000001,51,63897600.0,0.0,17934,6270.200000000001,0
1655443740000,6262.200000000001,6268.000000000001,6260.200000000001,6263.6,56,70159320.0,0.0,17895,6262.200000000001,0
1655443800000,6263.6,6275.2,6263.0,6275.2,46,57679440.00000001,0.0,17879,6263.6,0
1655443860000,6275.6,6278.8,6275.6,6278.400000000001,73,91659720.00000001,0.0,17844,6275.200000000001,0
1655443920000,6279.0,6289.0,6279.0,6289.0,98,123171320.00000001,0.0,17806,6278.4,0
1655443980000,6289.200000000001,6289.200000000001,6286.400000000001,6287.000000000001,81,101865920.0,0.0,17771,6289.000000000001,0
1655444040000,6287.000000000001,6287.000000000001,6285.400000000001,6286.200000000001,40,50291520.0,0.0,17746,6287.000000000001,0
1655444100000,6285.8,6287.2,6285.0,6285.2,75,94296760.0,0.0,17720,6286.2,0
1655444160000,6285.2,6287.6,6285.0,6287.4,75,94296120.0,0.0,17668,6285.2,0
1655444220000,6287.400000000001,6287.400000000001,6280.200000000001,6280.200000000001,122,153331720.0,0.0,17607,6287.400000000001,0
1655444280000,6280.2,6281.8,6280.0,6281.0,53,66577560.00000001,0.0,17565,6280.2,0
1655444340000,6281.0,6282.8,6280.6,6282.400000000001,32,40202800.0,0.0,17543,6281.0,0
1655444400000,6282.400000000001,6286.8,6281.400000000001,6285.6,44,55292680.0,0.0,17515,6282.400000000001,0
1655444460000,6285.6,6287.8,6284.0,6287.4,38,47775880.0,0.0,17491,6285.6,0
1655444520000,6287.200000000001,6290.000000000001,6287.200000000001,6289.200000000001,49,61628760.0,0.0,17461,6287.400000000001,0
1655444580000,6289.8,6292.0,6289.0,6289.8,76,95605200.0,0.0,17399,6289.2,0
1655444640000,6289.200000000001,6292.000000000001,6289.200000000001,6291.200000000001,45,56618800.0,0.0,17358,6289.800000000001,0
1655444700000,6291.200000000001,6294.200000000001,6291.200000000001,6293.6,40,50342560.0,0.0,17333,6291.200000000001,0
1655444760000,6293.6,6294.000000000001,6292.200000000001,6293.200000000001,34,42794040.00000001,0.0,17305,6293.6,0
1655444820000,6293.400000000001,6293.8,6288.8,6288.8,73,91855320.00000001,0.0,17261,6293.2,0
1655444880000,6288.8,6290.0,6288.8,6290.0,60,75473120.0,0.0,17213,6288.8,0
1655444940000,6289.4,6291.2,6287.0,6287.0,31,38993880.0,0.0,17194,6290.0,0
1655445000000,6287.0,6289.0,6280.6,6286.200000000001,78,98071360.00000001,0.0,17134,6287.0,0
1655445060000,6286.200000000001,6290.000000000001,6286.200000000001,6289.6,36,45278800.0,0.0,17110,6286.200000000001,0
1655445120000,6290.0,6291.0,6287.0,6287.0,44,55349240.00000001,0.0,17071,6289.6,0
1655445180000,6287.0,6288.0,6280.8,6281.400000000001,50,62840640.0,0.0,17046,6287.0,0
1655445240000,6281.6,6284.0,6281.6,6283.6,35,43981040.0,0.0,17025,6281.400000000001,0
1655445300000,6283.6,6287.6,6283.6,6285.400000000001,14,17600840.000000004,0.0,17013,6283.6,0
1655445360000,6285.2,6288.0,6285.0,6287.0,38,47777840.00000001,0.0,16978,6285.4,0
1655445420000,6287.0,6287.0,6282.8,6284.8,51,64102120.00000001,0.0,16956,6287.0,0
1655445480000,6283.0,6283.2,6275.0,6276.4,142,178339360.0,0.0,16863,6284.8,0
1655445540000,6276.400000000001,6277.0,6270.8,6275.2,252,316225200.00000006,0.0,16775,6276.400000000001,0
1655445600000,6275.2,6276.0,6275.0,6275.8,130,163164760.0,0.0,16704,6275.2,0
1655445660000,6275.8,6278.6,6275.8,6277.6,55,69052280.0,0.0,16667,6275.8,0
1655445720000,6277.6,6279.8,6277.6,6279.8,47,59016400.0,0.0,16647,6277.6,0
1655445780000,6279.8,6280.000000000001,6278.400000000001,6278.8,25,31396240.0,0.0,16631,6279.8,0
1655445840000,6278.8,6280.0,6278.8,6278.8,44,55259080.00000001,0.0,16617,6278.8,0
1655445900000,6278.8,6281.0,6278.6,6278.6,62,77865400.0,0.0,16615,6278.8,0
1655445960000,6278.6,6279.200000000001,6274.200000000001,6275.800000000001,87,109206320.00000001,0.0,16606,6278.6,0
1655446020000,6275.800000000001,6276.000000000001,6272.200000000001,6273.800000000001,57,71533680.00000001,0.0,16581,6275.800000000001,0
1655446080000,6273.8,6275.8,6273.8,6275.400000000001,30,37647800.0,0.0,16575,6273.8,0
1655446140000,6275.200000000001,6281.800000000001,6275.200000000001,6281.200000000001,51,64044560.00000001,0.0,16572,6275.400000000001,0
1655446200000,6281.200000000001,6282.6,6281.200000000001,6282.000000000001,36,45230160.0,0.0,16571,6281.200000000001,0
1655446260000,6282.200000000001,6282.200000000001,6280.200000000001,6280.200000000001,26,32662240.0,0.0,16558,6282.000000000001,0
1655446320000,6280.2,6281.0,6280.0,6281.0,26,32657560.0,0.0,16540,6280.2,0
1655446380000,6281.0,6282.0,6280.8,6282.0,24,30150640.000000007,0.0,16526,6281.0,0
1655446440000,6282.6,6285.8,6282.6,6285.8,58,72896800.0,0.0,16497,6282.0,0
1655446500000,6285.8,6285.8,6283.400000000001,6285.6,13,16340880.0,0.0,16490,6285.8,0
1655446560000,6284.6,6286.200000000001,6284.6,6286.200000000001,23,28914320.000000004,0.0,16481,6285.6,0
1655446620000,6286.2,6286.2,6284.0,6284.8,31,38966520.0,0.0,16473,6286.2,0
1655446680000,6284.6,6284.8,6283.0,6283.4,31,38960480.0,0.0,16448,6284.8,0
1655446740000,6283.400000000001,6284.400000000001,6283.200000000001,6284.200000000001,62,77918920.00000001,0.0,16418,6283.400000000001,0
1655446800000,6284.200000000001,6285.000000000001,6284.200000000001,6285.000000000001,42,52789920.0,0.0,16398,6284.200000000001,0
1655446860000,6285.0,6285.400000000001,6284.8,6285.2,37,46509640.0,0.0,16375,6285.0,0
1655446920000,6285.2,6285.4,6285.0,6285.4,17,21369720.0,0.0,16365,6285.2,0
1655446980000,6285.400000000001,6286.8,6285.400000000001,6286.8,33,41486320.0,0.0,16336,6285.400000000001,0
1655447040000,6286.8,6288.0,6286.8,6288.0,39,49042040.00000001,0.0,16316,6286.8,0
1655447100000,6287.400000000001,6289.8,6287.400000000001,6289.8,69,86786120.0,0.0,16289,6288.000000000001,0
1655447160000,6289.6,6289.8,6287.8,6289.6,26,32703840.0,0.0,16280,6289.8,0
1655447220000,6289.6,6289.6,6289.200000000001,6289.6,26,32704920.0,0.0,16254,6289.6,0
1655447280000,6289.6,6290.200000000001,6289.6,6290.200000000001,34,42770600.0,0.0,16225,6289.6,0
1655447340000,6290.2,6290.6,6290.0,6290.4,23,28935040.0,0.0,16205,6290.2,0
1655447400000,6290.6,6294.8,6290.400000000001,6293.000000000001,75,94392840.0,0.0,16156,6290.400000000001,0
1655447460000,6293.0,6293.4,6292.0,6293.4,101,127119320.00000001,0.0,16173,6293.0,0
1655447520000,6293.6,6295.000000000001,6293.200000000001,6293.800000000001,106,133432560.00000001,0.0,16122,6293.400000000001,0
1655447580000,6293.8,6296.2,6293.8,6295.0,74,93169400.0,0.0,16065,6293.8,0
1655447640000,6295.000000000001,6295.000000000001,6293.400000000001,6293.8,36,45317960.0,0.0,16035,6295.000000000001,0
1655447700000,6293.8,6294.400000000001,6293.8,6294.400000000001,45,56648360.0,0.0,16003,6293.8,0
1655447760000,6294.400000000001,6297.6,6294.400000000001,6297.6,61,76819320.0,0.0,15988,6294.400000000001,0
1655447820000,6297.6,6297.8,6296.8,6297.400000000001,112,141064280.00000003,0.0,15953,6297.6,0
1655447880000,6297.6,6298.0,6293.6,6294.0,74,93189880.0,0.0,15906,6297.400000000001,0
1655447940000,6294.0,6294.8,6294.0,6294.8,30,37766600.0,0.0,15884,6294.0,0
1655448000000,6295.0,6295.400000000001,6294.8,6295.400000000001,43,54137999.99999999,0.0,15858,6294.8,0
1655448060000,6295.4,6295.8,6294.0,6294.0,69,86871880.0,0.0,15808,6295.4,0
1655448120000,6293.8,6294.0,6290.6,6290.6,128,161087400.00000003,0.0,15718,6294.0,0
1655448180000,6291.4,6295.0,6291.0,6294.6,152,191326480.00000003,0.0,15580,6290.6,0
1655448240000,6294.6,6295.6,6293.8,6294.2,164,206465840.00000003,0.0,15520,6294.6,0
1655448300000,6294.400000000001,6294.8,6292.8,6292.8,101,127142520.00000001,0.0,15477,6294.2,0
1655448360000,6292.6,6293.8,6292.6,6293.200000000001,43,54121680.0,0.0,15447,6292.8,0
1655448420000,6293.200000000001,6293.200000000001,6292.200000000001,6292.200000000001,35,44048960.0,0.0,15413,6293.200000000001,0
1655448480000,6292.0,6292.4,6292.0,6292.4,27,33978120.0,0.0,15386,6292.2,0
1655448540000,6292.400000000001,6293.000000000001,6292.200000000001,6293.000000000001,32,40271800.0,0.0,15356,6292.400000000001,0
1655448600000,6292.8,6293.0,6292.6,6292.8,39,49083800.00000001,0.0,15318,6293.0,0
1655448660000,6292.8,6293.000000000001,6292.400000000001,6293.000000000001,74,93132880.00000001,0.0,15246,6292.8,0
1655448720000,6293.0,6293.0,6292.6,6293.0,80,100685000.0,0.0,15197,6293.0,0
1655448780000,6293.0,6293.200000000001,6292.6,6293.0,97,122082440.00000001,0.0,15119,6293.0,0
1655448840000,6293.0,6293.4,6293.0,6293.4,116,146003000.00000003,0.0,15046,6293.0,0
1655448900000,6293.0,6293.2,6293.0,6293.0,59,74258720.00000001,0.0,14997,6293.4,0
1655448960000,6293.200000000001,6293.400000000001,6292.6,6293.0,65,81808920.0,0.0,14955,6293.0,0
1655449020000,6293.000000000001,6293.000000000001,6292.400000000001,6292.8,50,62927360.0,0.0,14913,6293.000000000001,0
1655449080000,6292.6,6293.400000000001,6292.400000000001,6293.200000000001,79,99428200.0,0.0,14841,6292.8,0
1655449140000,6293.200000000001,6293.400000000001,6292.6,6292.6,75,94396640.0,0.0,14816,6293.200000000001,0
1655449200000,6292.6,6293.200000000001,6292.6,6293.0,55,69222800.0,6292.200000000001,0,6292.6,0
